{"sz.000729_ratio": 6.69552, "sh.600517_ratio": 18.106187, "sz.000528_ratio": 8.965337896341463, "sh.600926_ratio": 2.624346, "sh.600710_ratio": 5.645906, "sh.600233_ratio": 4.185259, "sh.600025_ratio": 1.2319269999999998, "sh.600062_ratio": 6.7672550000000005, "sh.600970_ratio": 12.281536, "sh.600873_ratio": 6.8605730000000005, "sz.000899_ratio": 2.862743, "sh.600023_ratio": 1.9988389999999998, "sh.600098_ratio": 5.041124, "sh.600269_ratio": 11.818978999999999, "sz.000543_ratio": 3.786448, "sh.601991_ratio": 2.857208, "sh.600642_ratio": 8.671029999999998, "sh.600039_ratio": 11.812393, "sh.603600_ratio": 3.445913, "sz.000404_ratio": 2.37955071369863, "sh.603558_ratio": 4.910534, "sh.600887_ratio": 82.594662, "sh.600398_ratio": 8.870807, "sz.002034_ratio": 2.878348, "sz.002588_ratio": 10.302994, "sz.002236_ratio": 48.42988468955142, "sh.600690_ratio": 40.060458999999994, "sz.000338_ratio": 23.447885, "sz.002832_ratio": 5.812787999999999, "sh.601965_ratio": 1.9005420000000002, "sz.002078_ratio": 9.343233999999999, "sz.002116_ratio": 4.893474, "sh.600572_ratio": 13.062241, "sh.600018_ratio": 16.53417, "sh.601918_ratio": 1.673508, "sh.600011_ratio": 4.068846, "sh.600027_ratio": 1.763533}