{"sz.000729_ratio": 6.698123234836704, "sh.600517_ratio": 18.106187, "sz.000528_ratio": 8.969545, "sh.600926_ratio": 2.624346, "sh.600710_ratio": 5.645906, "sh.600233_ratio": 4.185258999999999, "sh.600025_ratio": 1.231927, "sh.600062_ratio": 6.7672550000000005, "sh.600970_ratio": 12.281536, "sh.600873_ratio": 6.860573, "sz.000899_ratio": 2.8637227203969884, "sh.600023_ratio": 1.9988389999999998, "sh.600098_ratio": 5.041124, "sh.600269_ratio": 11.818979, "sz.000543_ratio": 3.7887428169696973, "sh.601991_ratio": 2.857208, "sh.600642_ratio": 8.67103, "sh.600039_ratio": 11.812393000000002, "sh.603600_ratio": 3.445913, "sz.000404_ratio": 2.3762521109550563, "sh.603558_ratio": 4.910534, "sh.600887_ratio": 82.594662, "sh.600398_ratio": 8.870807, "sz.002034_ratio": 2.8775127278003483, "sz.002588_ratio": 10.302994, "sz.002236_ratio": 48.45644355357143, "sh.600690_ratio": 40.060459, "sz.000338_ratio": 23.447885, "sz.002832_ratio": 5.812787999999999, "sh.601965_ratio": 1.900542, "sz.002078_ratio": 9.343233999999999, "sz.002116_ratio": 4.893474, "sh.600572_ratio": 13.062240999999998, "sh.600018_ratio": 16.534170000000003, "sh.601918_ratio": 1.673508, "sh.600011_ratio": 4.068846000000001, "sh.600027_ratio": 1.7635329999999998}